2,facebook.com
4,baidu.com
8,twitter.com
9,taobao.com
10,qq.com
12,live.com
13,sina.com.cn
14,linkedin.com
15,weibo.com
17,tmall.com
18,blogspot.com
22,hao123.com
23,yandex.ru
24,bing.com
25,instagram.com
26,sohu.com
27,reddit.com
28,pinterest.com
30,vk.com
31,tumblr.com
32,wordpress.com
34,msn.com
36,imgur.com
38,paypal.com
39,imdb.com
40,aliexpress.com
41,microsoft.com
42,ask.com
43,apple.com
44,alibaba.com
45,xvideos.com
46,adcash.com
47,fc2.com
48,t.co
50,360.cn
51,mail.ru
55,163.com
57,netflix.com
58,go.com
59,stackoverflow.com
61,craigslist.org
62,gmw.cn
64,onclickads.net
65,naver.com
66,xinhuanet.com
69,diply.com
72,bbc.co.uk
73,cnn.com
75,soso.com
77,people.com.cn
78,rakuten.co.jp
80,espn.go.com
81,nicovideo.jp
82,dailymotion.com
83,flipkart.com
85,cntv.cn
88,adobe.com
89,alipay.com
90,dropbox.com
91,huffingtonpost.com
93,blogger.com
94,youku.com
95,chinadaily.com.cn
96,jd.com
97,github.com
99,nytimes.com
100,indiatimes.com
101,dailymail.co.uk
102,buzzfeed.com
104,livedoor.com
105,pixnet.net
106,uol.com.br
107,ok.ru
108,wikia.com
109,china.com
110,gmail.com
111,sogou.com
112,outbrain.com
113,tudou.com
116,booking.com
117,blogspot.in
118,chase.com
119,ameblo.jp
121,flickr.com
122,douban.com
123,globo.com
124,pconline.com.cn
126,wordpress.org
128,cnet.com
129,about.com
131,dmm.co.jp
135,salesforce.com
136,bankofamerica.com
137,redtube.com
138,ettoday.net
139,godaddy.com
140,directrev.com
141,weather.com
142,themeforest.net
143,snapdeal.com
144,etsy.com
145,coccoc.com
147,bp.blogspot.com
148,naver.jp
149,daum.net
150,deviantart.com
151,bbc.com
152,theguardian.com
153,youradexchange.com
154,ziddu.com
156,aol.com
157,forbes.com
158,slideshare.net
159,walmart.com
161,livejournal.com
163,indeed.com
164,twitch.tv
165,soundcloud.com
166,bycontext.com
167,life.com.tw
168,stackexchange.com
169,adf.ly
170,wikihow.com
171,zol.com.cn
172,livejasmin.com
173,quora.com
174,wellsfargo.com
175,feedly.com
176,reference.com
179,china.com.cn
181,bestbuy.com
182,leboncoin.fr
183,ikea.com
184,loading-delivery1.com
185,w3schools.com
186,jabong.com
187,businessinsider.com
188,mailchimp.com
189,espncricinfo.com
190,blogfa.com
191,mozilla.org
192,allegro.pl
193,xcar.com.cn
194,archive.org
195,onet.pl
196,ups.com
198,theladbible.com
199,files.wordpress.com
200,wikimedia.org
201,force.com
202,ifeng.com
203,9gag.com
204,pixiv.net
205,popads.net
206,zillow.com
207,tripadvisor.com
208,goo.ne.jp
209,ndtv.com
210,tubecup.com
211,sourceforge.net
212,washingtonpost.com
213,foxnews.com
215,torrentz.eu
217,blogspot.com.br
218,secureserver.net
219,dmm.com
221,mediafire.com
222,mystart.com
223,theadgateway.com
224,usps.com
225,web.de
226,target.com
227,telegraph.co.uk
230,tianya.cn
231,huanqiu.com
232,likes.com
233,kakaku.com
234,skype.com
235,mashable.com
236,gmx.net
238,americanexpress.com
239,gfycat.com
240,badoo.com
241,comcast.net
243,ppomppu.co.kr
245,orange.fr
246,chinatimes.com
247,smzdm.com
248,stumbleupon.com
249,mama.cn
250,icicibank.com
251,abs-cbnnews.com
252,akamaihd.net
253,ilividnewtab.com
254,b5m.com
256,zhihu.com
257,goodreads.com
258,ign.com
259,doorblog.jp
260,slickdeals.net
261,xuite.net
262,wsj.com
263,wp.pl
265,shutterstock.com
266,bleacherreport.com
267,media.tumblr.com
268,engadget.com
269,mercadolivre.com.br
270,nih.gov
271,quikr.com
272,bet365.com
273,rediff.com
274,vice.com
275,avg.com
277,weebly.com
278,hdfcbank.com
279,ask.fm
280,spiegel.de
281,usatoday.com
282,groupon.com
283,fedex.com
285,newegg.com
286,softonic.com
287,rambler.ru
288,steampowered.com
289,wix.com
290,bild.de
291,pandora.com
292,gameforge.com
293,steamcommunity.com
295,hootsuite.com
296,pchome.net
297,gizmodo.com
298,lifehacker.com
299,rutracker.org
300,microsoftonline.com
301,hurriyet.com.tr
302,webmd.com
303,kompas.com
304,reimageplus.com
305,caijing.com.cn
306,iqiyi.com
307,intuit.com
308,taboola.com
309,t-online.de
310,tube8.com
311,seznam.cz
312,hp.com
313,gome.com.cn
315,accuweather.com
316,doublepimp.com
317,addthis.com
318,office.com
319,homedepot.com
320,wordreference.com
321,dell.com
322,webssearches.com
323,avito.ru
324,hulu.com
326,pclady.com.cn
327,varzesh3.com
328,speedtest.net
329,hupu.com
330,youth.cn
331,wow.com
332,aili.com
333,github.io
334,fiverr.com
335,milliyet.com.tr
337,evernote.com
338,techcrunch.com
339,gsmarena.com
340,ameba.jp
341,warmmovie.com
343,nfl.com
344,photobucket.com
345,haosou.com
346,extratorrent.cc
347,answers.com
348,tistory.com
349,liveinternet.ru
350,39.net
351,liputan6.com
352,moz.com
353,samsung.com
354,bilibili.com
355,reuters.com
356,mobile01.com
357,spotify.com
358,udn.com
359,zendesk.com
360,bloomberg.com
361,myntra.com
362,libero.it
365,capitalone.com
366,trello.com
367,omiga-plus.com
368,theverge.com
370,youm7.com
371,what-character-are-you.com
372,rbc.ru
373,disqus.com
374,meetup.com
375,time.com
377,teepr.com
379,codecanyon.net
381,detik.com
382,att.com
383,thefreedictionary.com
384,rt.com
386,babytree.com
387,xda-developers.com
388,justdial.com
389,twimg.com
390,nba.com
391,goal.com
392,firstmediahub.com
393,java.com
394,in.com
395,intoday.in
396,4shared.com
399,kaskus.co.id
401,retailmenot.com
402,kickstarter.com
403,battle.net
404,csdn.net
405,uploaded.net
407,onlinesbi.com
409,bitly.com
410,lady8844.com
411,yandex.ua
412,okcupid.com
413,ltn.com.tw
414,autohome.com.cn
415,hstpnetwork.com
416,adsrvmedia.net
417,hudong.com
418,sahibinden.com
419,macys.com
420,outlook.com
421,free.fr
422,gmarket.co.kr
423,gap.com
424,oracle.com
425,olx.in
426,2ch.net
427,cnzz.com
428,naukri.com
429,expedia.com
430,marca.com
431,verizonwireless.com
433,bhaskar.com
434,ganji.com
435,eksisozluk.com
436,npr.org
437,taleo.net
438,xe.com
439,cloudfront.net
440,kinopoisk.ru
441,rottentomatoes.com
442,chinaz.com
443,office365.com
444,repubblica.it
445,goodgamestudios.com
446,vipcpms.com
447,faithtap.com
449,scribd.com
450,fbcdn.net
451,hostgator.com
452,abcnews.go.com
453,citibank.com
454,trackingclick.net
455,list-manage.com
456,php.net
457,surveymonkey.com
458,mackeeper.com
459,stylene.net
460,nordstrom.com
461,lemonde.fr
462,eonline.com
463,tmz.com
464,independent.co.uk
465,kayak.com
466,ehow.com
467,livedoor.biz
468,trulia.com
469,cookmates.com
470,blog.jp
471,odesk.com
472,chexun.com
473,kouclo.com
474,ink361.com
475,staticwebdom.com
476,icloud.com
477,eyny.com
478,doubleclick.com
479,elpais.com
480,popcash.net
481,woot.com
482,gawker.com
483,etao.com
484,constantcontact.com
485,gamefaqs.com
487,nbcnews.com
488,lenta.ru
489,chaturbate.com
490,exoclick.com
491,xywy.com
492,jmpdirect01.com
493,clien.net
494,abril.com.br
496,asos.com
497,ce.cn
498,nyaa.se
499,mega.co.nz
501,youdao.com
502,ci123.com
503,styletv.com.cn
504,mirror.co.uk
505,beeg.com
506,urbandictionary.com
507,eastmoney.com
508,glassdoor.com
509,wunderground.com
510,slimspots.com
511,elance.com
512,corriere.it
513,it168.com
514,chip.de
515,issuu.com
516,tlbb8.com
517,shopclues.com
518,statcounter.com
519,media1first.com
520,zippyshare.com
521,renren.com
524,asana.com
525,mi.com
526,domaintools.com
527,mobile.de
528,seesaa.net
530,kohls.com
531,hatena.ne.jp
532,azlyrics.com
533,gazeta.pl
534,elmundo.es
535,fanli.com
536,zing.vn
537,donga.com
538,drseks.com
539,agoda.com
540,infusionsoft.com
541,12306.cn
542,allrecipes.com
543,hotels.com
544,udemy.com
545,aparat.com
546,houzz.com
547,pof.com
548,zoho.com
549,clickyab.com
550,liveleak.com
551,slate.com
552,trovi.com
553,hespress.com
554,overstock.com
555,aweber.com
556,vine.co
557,kijiji.ca
558,vnexpress.net
559,lefigaro.fr
560,moneycontrol.com
561,staples.com
562,dsrlte.com
563,blogimg.jp
564,youboy.com
565,wired.com
566,paytm.com
567,privatehomeclips.com
568,6pm.com
569,sears.com
570,subito.it
571,netdna-cdn.com
572,appledaily.com.tw
573,mixi.jp
574,nydailynews.com
575,timeanddate.com
576,blog.me
577,goo.gl
578,bodybuilding.com
579,putlocker.is
580,irctc.co.in
581,mbtrx.com
582,58.com
583,southwest.com
584,instructables.com
585,eastday.com
586,xunlei.com
587,ucoz.ru
588,squarespace.com
589,sberbank.ru
590,youjizz.com
591,yoka.com
592,lenovo.com
593,ancestry.com
594,olx.pl
595,irs.gov
596,4dsply.com
597,viralnova.com
598,tabelog.com
599,neobux.com
601,nike.com
602,kotaku.com
603,foodnetwork.com
604,verizon.com
605,lazada.co.id
606,haber7.com
607,dianping.com
608,jqw.com
609,ig.com.br
610,ad120m.com
611,adp.com
612,webtretho.com
613,wetransfer.com
614,discovercard.com
615,behance.net
616,jrj.com.cn
617,costco.com
618,flirchi.com
619,subscene.com
620,mercadolibre.com.ar
621,speedanalysis.net
622,youtube-mp3.org
623,hm.com
624,fidelity.com
625,sh.st
626,lightinthebox.com
627,people.com
628,digg.com
629,nifty.com
630,shaadi.com
632,medium.com
633,ca.gov
634,trklnks.com
635,bluehost.com
636,11st.co.kr
637,latimes.com
638,drudgereport.com
639,sakura.ne.jp
640,ebay.fr
641,streamcloud.eu
642,priceline.com
644,r10.net
645,32d1d3b9c.se
646,pcmag.com
647,freelotto.com
648,jimdo.com
649,airbnb.com
650,kooora.com
651,onedio.com
652,shopify.com
653,semrush.com
654,histats.com
655,makemytrip.com
656,17ok.com
657,dailycooking.com
659,ashleyrnadison.com
660,asus.com
661,japanpost.jp
662,entrepreneur.com
663,soku.com
664,disney.go.com
665,taringa.net
666,rapidgator.net
667,cracked.com
668,lowes.com
670,cnblogs.com
671,realtor.com
672,hubspot.com
673,clicksvenue.com
674,box.com
675,myfitnesspal.com
676,marketwatch.com
677,basecamp.com
678,nbcsports.com
679,usmagazine.com
680,interia.pl
681,livescore.com
682,cnbc.com
683,airtel.in
684,sbnation.com
685,albawabhnews.com
686,wiktionary.org
687,pcgames.com.cn
688,onlylady.com
689,custhelp.com
690,chron.com
691,ad6media.fr
692,impress.co.jp
693,rednet.cn
694,bestadbid.com
695,gutefrage.net
696,pinimg.com
697,terra.com.br
698,cbssports.com
699,io9.com
700,twoo.com
701,so-net.ne.jp
702,playstation.com
703,eventbrite.com
704,deadspin.com
705,m-w.com
706,atwiki.jp
707,voc.com.cn
708,stockstar.com
709,nate.com
710,yts.re
711,whatsapp.com
712,primewire.ag
713,folha.uol.com.br
714,mint.com
715,workercn.cn
716,xbox.com
717,united.com
718,tomshardware.com
719,google.co.nz
720,com-annualsurvey.info
721,ted.com
722,ad124m.com
723,swagbucks.com
724,yhd.com
725,milanuncios.com
726,comcast.com
727,cookpad.com
728,cdiscount.com
729,so.com
730,sky.com
731,zappos.com
732,wikiwiki.jp
733,thehindu.com
734,backpage.com
735,commentcamarche.net
736,tagged.com
737,e-hentai.org
738,kdnet.net
739,blogspot.com.tr
740,letv.com
741,nypost.com
742,saramin.co.kr
743,oyunskor.com
744,ria.ru
745,leagueoflegends.com
746,zara.com
747,sfgate.com
748,babycenter.com
749,virgilio.it
750,news.com.au
751,ccb.com
752,prntscr.com
753,match.com
754,4chan.org
755,mynet.com
756,bookmyshow.com
757,fitbit.com
758,shareasale.com
759,momoshop.com.tw
760,adplxmd.com
761,pch.com
762,ashleymadison.com
763,freepik.com
764,almasryalyoum.com
765,duckduckgo.com
766,gamepedia.com
767,acfun.tv
768,android.com
769,tinyurl.com
770,siteadvisor.com
771,roblox.com
772,savefrom.net
773,delta-homes.com
775,filehippo.com
776,focus.de
777,weblio.jp
778,slack.com
779,williamhill.com
780,biglobe.ne.jp
781,mihanblog.com
783,topstoreoffers.com
784,www.gov.uk
785,stamplive.com
786,google.cl
787,zulily.com
788,india.com
789,vetogate.com
790,rd-direct.com
791,v1.cn
792,billdesk.com
793,scoop.it
794,tnaflix.com
795,digikala.com
796,facenama.com
797,cbslocal.com
798,altervista.org
799,exblog.jp
800,pchome.com.tw
801,movie4k.to
802,coursera.org
803,blogspot.de
804,nikkei.com
805,inclk.com
806,w3.org
807,zergnet.com
808,ticketmaster.com
809,delta.com
810,novinky.cz
811,ibm.com
812,126.com
813,sfr.fr
814,pcbaby.com.cn
815,coupons.com
816,livestrong.com
817,nhk.or.jp
818,torcache.net
819,nhl.com
820,suning.com
821,thepiratebay.se
823,mystartsearch.com
825,warriorforum.com
826,farsnews.com
827,superuser.com
829,jezebel.com
830,ebates.com
831,sabq.org
832,rightmove.co.uk
833,free-tv-video-online.me
834,gigacircle.com
835,iminent.com
836,ewt.cc
837,indianrail.gov.in
838,rutor.org
839,wav.tv
840,monster.com
841,dangdang.com
842,chinabyte.com
843,bloglovin.com
845,lockerdome.com
846,popmog.com
847,informer.com
848,couprbi.com
849,yandex.com.tr
850,pagesjaunes.fr
851,9gag.tv
852,huaban.com
853,wonderlandads.com
854,academia.edu
855,elitedaily.com
856,safehomepage.com
857,google.rs
858,prothom-alo.com
859,efix.com
860,kinogo.net
861,typepad.com
862,myfreecams.com
863,mit.edu
864,liveperson.net
865,habrahabr.ru
866,suara.com
867,mercadolibre.com.mx
868,barnesandnoble.com
869,k618.cn
870,immobilienscout24.de
871,ruten.com.tw
872,google.lk
873,europa.eu
874,conduit.com
875,stanford.edu
876,mtv.com
877,hubpages.com
878,firstpost.com
879,reverso.net
880,t-mobile.com
881,vk.me
882,mayoclinic.org
883,cliponyu.com
884,oldpiratebay.org
885,media-fire.org
886,xing.com
887,bongacams.com
888,sulekha.com
889,gyazo.com
890,blogspot.fr
891,sonyentertainmentnetwork.com
892,ringring.vn
893,plarium.com
894,4399.com
895,ampclicks.com
896,wowhead.com
897,citenkomedia.com
898,weather.gov
899,auction.co.kr
900,caixa.gov.br
901,fool.com
902,motherless.com
903,androidcentral.com
904,dreamstime.com
905,google.hr
906,cisco.com
907,usaa.com
908,cnbeta.com
909,boredpanda.com
910,vgsgaming-ads.com
911,asahi.com
912,sapo.pt
913,slrclub.com
914,nationalgeographic.com
915,indiamart.com
916,cbc.ca
917,gamespot.com
918,allocine.fr
919,ew.com
920,aa.com
921,as.com
922,ensonhaber.com
923,geocities.jp
924,hdzog.com
925,usbank.com
926,playbuzz.com
927,givemesport.com
928,thekitchn.com
929,popsugar.com
930,bitauto.com
931,cbsnews.com
932,default-search.net
933,vi-view.com
934,change.org
935,persianblog.ir
936,foursquare.com
937,24h.com.vn
938,olx.com.br
939,thedailybeast.com
940,yellowpages.com
941,accountonline.com
942,atlassian.net
943,adme.ru
944,rollingstone.com
945,clarin.com
946,friv.com
947,junbi-tracker.com
948,iconosquare.com
949,sciencedirect.com
950,mydrivers.com
951,westernjournalism.com
952,echo.msk.ru
953,gumtree.com
954,donanimhaber.com
955,ultimate-guitar.com
956,tribunnews.com
957,webex.com
958,battlefield.com
959,fandango.com
960,baomihua.com
961,howtogeek.com
962,himado.in
963,makeuseof.com
964,123rf.com
965,bioyun.com
966,blackboard.com
967,yodobashi.com
968,yam.com
969,techradar.com
970,jobrapido.com
971,investopedia.com
972,ibtimes.com
973,bt.com
974,iflscience.com
975,getpocket.com
976,abplive.in
977,yourlust.com
978,imagebam.com
979,tutsplus.com
980,starbaby.cn
981,istockphoto.com
982,rakuten.ne.jp
983,itmedia.co.jp
984,intel.com
985,315che.com
986,21cn.com
987,theblaze.com
988,6park.com
989,189.cn
990,sporx.com
991,feng.com
992,2chblog.jp
993,nownews.com
994,tripadvisor.co.uk
995,wayfair.com
996,leadpages.net
998,2345.com
999,google.bg
1000,inquisitr.com
1001,meituan.com
1002,marktplaats.nl
1003,upworthy.com
1004,itau.com.br
1005,gittigidiyor.com
1006,argos.co.uk
1007,gazeta.ru
1008,tutorialspoint.com
1009,idnes.cz
1010,nasa.gov
1011,dafont.com
1012,olx.ua
1013,theatlantic.com
1014,blackhatworld.com
1015,solarmovie.is
1016,netshoes.com.br
1017,apache.org
1018,inc.com
1019,el-balad.com
1020,pbs.org
1021,indianexpress.com
1022,ukr.net
1023,smh.com.au
1024,deezer.com
1025,mynavi.jp
1026,2ch-c.net
1027,ldblog.jp
1028,adk2.net
1030,bidvertiser.com
1031,tesco.com
1032,jquery.com
1033,euromillionairesystem.me
1034,gumtree.com.au
1035,blomaga.jp
1036,marriott.com
1037,forever21.com
1038,walgreens.com
1039,lequipe.fr
1040,google.com.ec
1041,viva.co.id
1042,who.is
1043,bufferapp.com
1044,klikbca.com
1045,envato.com
1046,olx.co.id